1,3,9,1662657604,Fellow Musicians and Singers
2,13,5,1662657604,Yoga Class Companions
3,6,4,1662657604,Friends Through Siblings
4,3,16,1662657604,Work Colleagues Connection
5,10,7,1662657604,Work Colleagues Connection
6,20,12,1662657604,College Roommate Friends
8,18,20,1662657604,College Course Classmates
9,6,9,1662657604,Childhood Playmates
10,20,19,1662657604,University Study Buddies
11,11,17,1662657604,Family Friends Since Birth
12,12,7,1662657604,Mentor-Mentee Relationship
13,12,8,1662657604,Spouse's Friend Connection
15,19,15,1662657604,University Study Buddies
16,1,11,1662657604,Therapy Group Comrades
17,13,15,1662657604,Online Gaming Partners
18,19,5,1662657604,Friends Through Siblings
19,13,2,1662657604,College Course Classmates
20,8,14,1662657604,Online Gaming Partners
21,4,17,1662657604,Local Social Club Members
22,5,6,1662657604,Military Service Friends
24,15,14,1662657604,Long Distance Pen Pals
25,20,5,1662657604,Volunteering Companions
26,3,14,1662657604,Spouse's Friend Connection
27,11,19,1662657604,Sports Teammates Bond
28,14,1,1662657604,Work Colleagues Connection
29,15,9,1662657604,Yoga Class Companions
30,4,3,1662657604,Work Colleagues Connection
31,8,11,1662657604,Sports Teammates Bond
32,8,13,1662657604,Yoga Class Companions
33,17,5,1662657604,Parent-Friends Through Kids
34,18,3,1662657604,Volunteering Companions
35,5,8,1662657604,Pet-Owner Friends Connection
36,10,14,1662657604,Family Friends Since Birth
37,8,9,1662657604,College Course Classmates
38,3,17,1662657604,Sports Teammates Bond
39,6,17,1662657604,Volunteering Companions
40,6,13,1662657604,Therapy Group Comrades
41,3,12,1662657604,Family Friends Since Birth
42,2,7,1662657604,High School Best Friends
43,2,15,1662657604,High School Best Friends
44,8,10,1662657604,Pet-Owner Friends Connection
45,12,18,1662657604,Yoga Class Companions
46,18,11,1662657604,Ex-Partners Turned Friends
47,15,10,1662657604,Book Club Companions
48,11,9,1662657604,Long Distance Pen Pals
49,16,6,1662657604,Church Community Friends
50,19,8,1662657604,Sports Teammates Bond
52,19,3,1662657604,Pet-Owner Friends Connection
55,6,11,1662657604,Pet-Owner Friends Connection
57,15,16,1662657604,Neighborly Acquaintances
58,4,2,1662657604,High School Best Friends
59,13,4,1662657604,Friends Through Siblings
60,14,19,1662657604,Vacation Friends Met Abroad
61,7,11,1662657604,Ex-Partners Turned Friends
62,10,5,1662657604,Neighborly Acquaintances
64,11,15,1662657604,Parent-Friends Through Kids
65,19,7,1662657604,High School Best Friends
67,18,5,1662657604,Pet-Owner Friends Connection
68,17,20,1662657604,Long Distance Pen Pals
70,8,1,1662657604,Long Distance Pen Pals
73,10,6,1662657604,Neighborly Acquaintances
74,20,9,1662657604,Mentor-Mentee Relationship
75,13,14,1662657604,Volunteering Companions
76,14,5,1662657604,Book Club Companions
77,18,10,1662657604,Old Friends Reconnected
78,7,6,1662657604,Work Colleagues Connection
79,9,19,1662657604,Book Club Companions
80,8,3,1662657604,Therapy Group Comrades
81,7,3,1662657604,Mutual Hobby Enthusiasts
82,7,5,1662657604,Vacation Friends Met Abroad
84,18,4,1662657604,Church Community Friends
85,1,19,1662657604,Therapy Group Comrades
86,2,16,1662657604,Sports Teammates Bond
87,8,2,1662657604,Church Community Friends
89,15,17,1662657604,Online Gaming Partners
90,15,5,1662657604,Ex-Partners Turned Friends
91,16,4,1662657604,Ex-Partners Turned Friends
96,14,7,1662657604,Work Colleagues Connection
97,15,7,1662657604,High School Best Friends
98,2,3,1662657604,Parent-Friends Through Kids
99,15,4,1662657604,Childhood Playmates
101,8,6,1662657604,Childhood Playmates
102,7,4,1662657604,Military Service Friends
106,9,7,1662657604,University Study Buddies
107,3,13,1662657604,Family Friends Since Birth
108,4,9,1662657604,College Course Classmates
109,1,16,1662657604,Neighborly Acquaintances
110,16,17,1662657604,Work Colleagues Connection
111,2,11,1662657604,Church Community Friends
112,20,8,1662657604,Ex-Partners Turned Friends
113,7,1,1662657604,Pet-Owner Friends Connection
114,4,12,1662657604,Ex-Partners Turned Friends
115,16,5,1662657604,Long Distance Pen Pals
117,17,8,1662657604,Family Friends Since Birth
121,13,10,1662657604,High School Best Friends
122,12,6,1662657604,Book Club Companions
123,18,2,1662657604,Volunteering Companions
124,2,5,1662657604,Mutual Hobby Enthusiasts
125,9,14,1662657604,Local Social Club Members
126,15,1,1662657604,Childhood Playmates
127,19,10,1662657604,Mutual Hobby Enthusiasts
128,13,11,1662657604,College Roommate Friends
129,9,1,1662657604,Friends Through Siblings
132,20,13,1662657604,Childhood Playmates
133,4,8,1662657604,Coworker Lunch Buddies
135,12,16,1662657604,Fellow Musicians and Singers
136,17,19,1662657604,Therapy Group Comrades
137,19,18,1662657604,College Course Classmates
138,5,12,1662657604,Childhood Playmates
139,10,3,1662657604,Ex-Partners Turned Friends
141,14,20,1662657604,College Course Classmates
142,2,6,1662657604,Military Service Friends
143,14,18,1662657604,Vacation Friends Met Abroad
147,2,12,1662657604,Volunteering Companions
150,11,14,1662657604,Long Distance Pen Pals
155,11,4,1662657604,Online Gaming Partners
160,16,8,1662657604,Neighborly Acquaintances
162,17,7,1662657604,Church Community Friends
163,3,15,1662657604,Travel Buddies From Trip
164,1,20,1662657604,Parent-Friends Through Kids
170,2,17,1662657604,Volunteering Companions
171,12,14,1662657604,Family Friends Since Birth
178,10,17,1662657604,Work Colleagues Connection
180,17,12,1662657604,Book Club Companions
183,18,15,1662657604,Ex-Partners Turned Friends
184,13,17,1662657604,Pet-Owner Friends Connection
189,16,20,1662657604,Travel Buddies From Trip
191,1,3,1662657604,Book Club Companions
192,7,16,1662657604,Neighborly Acquaintances
199,4,10,1662657604,Online Gaming Partners
201,16,18,1662657604,Ex-Partners Turned Friends
203,3,6,1662657604,High School Best Friends
204,20,3,1662657604,Coworker Lunch Buddies
206,17,9,1662657604,Local Social Club Members
209,11,20,1662657604,College Roommate Friends
210,10,2,1662657604,Family Friends Since Birth
211,19,6,1662657604,Sports Teammates Bond
212,1,12,1662657604,Travel Buddies From Trip
218,1,10,1662657604,Online Gaming Partners
223,13,18,1662657604,Ex-Partners Turned Friends
227,5,4,1662657604,Sports Teammates Bond
228,9,12,1662657604,Volunteering Companions
234,16,11,1662657604,Coworker Lunch Buddies
236,16,19,1662657604,Mutual Hobby Enthusiasts
241,13,16,1662657604,Online Gaming Partners
243,15,12,1662657604,Coworker Lunch Buddies
245,9,5,1662657604,High School Best Friends
247,9,2,1662657604,Church Community Friends
251,1,13,1662657604,Parent-Friends Through Kids
252,15,8,1662657604,Vacation Friends Met Abroad
264,6,1,1662657604,Online Gaming Partners
266,9,10,1662657604,Book Club Companions
271,20,6,1662657604,Old Friends Reconnected
276,18,7,1662657604,Work Colleagues Connection
288,2,14,1662657604,College Roommate Friends
296,5,11,1662657604,Therapy Group Comrades
308,1,17,1662657604,Ex-Partners Turned Friends
309,6,14,1662657604,Childhood Playmates
310,15,20,1662657604,Church Community Friends
312,1,4,1662657604,Friends Through Siblings
314,10,12,1662657604,Childhood Playmates
318,19,2,1662657604,Childhood Playmates
320,3,11,1662657604,University Study Buddies
322,14,4,1662657604,Neighborly Acquaintances
330,7,8,1662657604,Ex-Partners Turned Friends
334,15,6,1662657604,High School Best Friends
336,18,9,1662657604,College Course Classmates
368,20,7,1662657604,Military Service Friends
375,20,2,1662657604,Online Gaming Partners
379,12,19,1662657604,Travel Buddies From Trip
380,18,6,1662657604,Family Friends Since Birth
399,20,10,1662657604,Mentor-Mentee Relationship
412,5,3,1662657604,Childhood Playmates
420,14,17,1662657604,Family Friends Since Birth
443,19,4,1662657604,Travel Buddies From Trip
453,13,12,1662657604,Friends Through Siblings
456,4,20,1662657604,Therapy Group Comrades
477,2,1,1662657604,University Study Buddies
502,14,16,1662657604,Mentor-Mentee Relationship
557,16,9,1662657604,Old Friends Reconnected
562,1,5,1662657604,Fellow Musicians and Singers
565,18,17,1662657604,Vacation Friends Met Abroad
581,16,10,1662657604,Sports Teammates Bond
631,13,7,1662657604,Coworker Lunch Buddies
661,18,8,1662657604,Yoga Class Companions
667,1,18,1662657604,Parent-Friends Through Kids
677,11,10,1662657604,Vacation Friends Met Abroad
738,13,9,1662657604,Vacation Friends Met Abroad
916,19,13,1662657604,Sports Teammates Bond
976,12,11,1662657604,Local Social Club Members
